time_step,type,AGB,Carbon
1,potential_maximum_undisturbed_AGB,277411136.0,138705568.0
1,initial_AGB_gross_forest_simulation_start,141015056.0,70507528.0
1,final_total_AGB_gross_forest,126747024.0,63373512.0
1,final_total_AGB_net_forest,85926416.0,42963208.0
1,final_total_AGB_gross_minus_net_forest,40820608.0,20410304.0
1,final_total_AGB_agroforestry,40804096.0,20402048.0
1,final_total_AGB_plantation,user-defined not considered gross forest,user-defined not considered gross forest
1,final_total_AGB_gross_disturbed_forest,13513745.0,6756872.5
1,final_total_AGB_net_disturbed_forest,13510539.0,6756872.5
1,final_total_AGB_gross_minus_net_disturbed_forest,3206.0,0.0
1,final_total_AGB_gross_undisturbed_forest,72429184.0,36214592.0
1,final_total_AGB_net_undisturbed_forest,72415880.0,36207940.0
1,final_total_AGB_gross_minus_net_undisturbed_forest,13304.0,6652.0
2,potential_maximum_undisturbed_AGB,277411136.0,138705568.0
2,initial_AGB_gross_forest_simulation_start,141015056.0,70507528.0
2,final_total_AGB_gross_forest,126306608.0,63153304.0
2,final_total_AGB_net_forest,84292440.0,42146220.0
2,final_total_AGB_gross_minus_net_forest,42014168.0,21007084.0
2,final_total_AGB_agroforestry,41997448.0,20998724.0
2,final_total_AGB_plantation,user-defined not considered gross forest,user-defined not considered gross forest
2,final_total_AGB_gross_disturbed_forest,11805818.0,5902909.0
2,final_total_AGB_net_disturbed_forest,11802437.0,5902909.0
2,final_total_AGB_gross_minus_net_disturbed_forest,3381.0,0.0
2,final_total_AGB_gross_undisturbed_forest,72503344.0,36251672.0
2,final_total_AGB_net_undisturbed_forest,72490000.0,36245000.0
2,final_total_AGB_gross_minus_net_undisturbed_forest,13344.0,6672.0
3,potential_maximum_undisturbed_AGB,277411136.0,138705568.0
3,initial_AGB_gross_forest_simulation_start,141015056.0,70507528.0
3,final_total_AGB_gross_forest,127526632.0,63763316.0
3,final_total_AGB_net_forest,84393424.0,42196712.0
3,final_total_AGB_gross_minus_net_forest,43133208.0,21566604.0
3,final_total_AGB_agroforestry,43114408.0,21557204.0
3,final_total_AGB_plantation,user-defined not considered gross forest,user-defined not considered gross forest
3,final_total_AGB_gross_disturbed_forest,11842318.0,5921159.0
3,final_total_AGB_net_disturbed_forest,11836886.0,5921159.0
3,final_total_AGB_gross_minus_net_disturbed_forest,5432.0,0.0
3,final_total_AGB_gross_undisturbed_forest,72569912.0,36284956.0
3,final_total_AGB_net_undisturbed_forest,72556536.0,36278268.0
3,final_total_AGB_gross_minus_net_undisturbed_forest,13376.0,6688.0
4,potential_maximum_undisturbed_AGB,277411136.0,138705568.0
4,initial_AGB_gross_forest_simulation_start,141015056.0,70507528.0
4,final_total_AGB_gross_forest,128669536.0,64334768.0
4,final_total_AGB_net_forest,84485840.0,42242920.0
4,final_total_AGB_gross_minus_net_forest,44183696.0,22091848.0
4,final_total_AGB_agroforestry,44161300.0,22080650.0
4,final_total_AGB_plantation,user-defined not considered gross forest,user-defined not considered gross forest
4,final_total_AGB_gross_disturbed_forest,11877784.0,5938892.0
4,final_total_AGB_net_disturbed_forest,11868795.0,5938892.0
4,final_total_AGB_gross_minus_net_disturbed_forest,8989.0,0.0
4,final_total_AGB_gross_undisturbed_forest,72630456.0,36315228.0
4,final_total_AGB_net_undisturbed_forest,72617048.0,36308524.0
4,final_total_AGB_gross_minus_net_undisturbed_forest,13408.0,6704.0
5,potential_maximum_undisturbed_AGB,277411136.0,138705568.0
5,initial_AGB_gross_forest_simulation_start,141015056.0,70507528.0
5,final_total_AGB_gross_forest,129733984.0,64866992.0
5,final_total_AGB_net_forest,84567072.0,42283536.0
5,final_total_AGB_gross_minus_net_forest,45166912.0,22583456.0
5,final_total_AGB_agroforestry,45139352.0,22569676.0
5,final_total_AGB_plantation,user-defined not considered gross forest,user-defined not considered gross forest
5,final_total_AGB_gross_disturbed_forest,11909264.0,5954632.0
5,final_total_AGB_net_disturbed_forest,11895141.0,5954632.0
5,final_total_AGB_gross_minus_net_disturbed_forest,14123.0,0.0
5,final_total_AGB_gross_undisturbed_forest,72685368.0,36342684.0
5,final_total_AGB_net_undisturbed_forest,72671928.0,36335964.0
5,final_total_AGB_gross_minus_net_undisturbed_forest,13440.0,6720.0
6,potential_maximum_undisturbed_AGB,277411136.0,138705568.0
6,initial_AGB_gross_forest_simulation_start,141015056.0,70507528.0
6,final_total_AGB_gross_forest,130726664.0,65363332.0
6,final_total_AGB_net_forest,84641416.0,42320708.0
6,final_total_AGB_gross_minus_net_forest,46085248.0,23042624.0
6,final_total_AGB_agroforestry,46050408.0,23025204.0
6,final_total_AGB_plantation,user-defined not considered gross forest,user-defined not considered gross forest
6,final_total_AGB_gross_disturbed_forest,11941019.0,5970509.5
6,final_total_AGB_net_disturbed_forest,11919648.0,5970509.5
6,final_total_AGB_gross_minus_net_disturbed_forest,21371.0,0.0
6,final_total_AGB_gross_undisturbed_forest,72735240.0,36367620.0
6,final_total_AGB_net_undisturbed_forest,72721776.0,36360888.0
6,final_total_AGB_gross_minus_net_undisturbed_forest,13464.0,6732.0
7,potential_maximum_undisturbed_AGB,277411136.0,138705568.0
7,initial_AGB_gross_forest_simulation_start,141015056.0,70507528.0
7,final_total_AGB_gross_forest,131637704.0,65818852.0
7,final_total_AGB_net_forest,84694992.0,42347496.0
7,final_total_AGB_gross_minus_net_forest,46942712.0,23471356.0
7,final_total_AGB_agroforestry,46897036.0,23448518.0
7,final_total_AGB_plantation,user-defined not considered gross forest,user-defined not considered gross forest
7,final_total_AGB_gross_disturbed_forest,11968404.0,5984202.0
7,final_total_AGB_net_disturbed_forest,11936216.0,5984202.0
7,final_total_AGB_gross_minus_net_disturbed_forest,32188.0,0.0
7,final_total_AGB_gross_undisturbed_forest,72772264.0,36386132.0
7,final_total_AGB_net_undisturbed_forest,72758776.0,36379388.0
7,final_total_AGB_gross_minus_net_undisturbed_forest,13488.0,6744.0
8,potential_maximum_undisturbed_AGB,277411136.0,138705568.0
8,initial_AGB_gross_forest_simulation_start,141015056.0,70507528.0
8,final_total_AGB_gross_forest,132515864.0,66257932.0
8,final_total_AGB_net_forest,84794072.0,42397036.0
8,final_total_AGB_gross_minus_net_forest,47721792.0,23860896.0
8,final_total_AGB_agroforestry,47681900.0,23840950.0
8,final_total_AGB_plantation,user-defined not considered gross forest,user-defined not considered gross forest
8,final_total_AGB_gross_disturbed_forest,12020705.0,6010352.5
8,final_total_AGB_net_disturbed_forest,11994324.0,6010352.5
8,final_total_AGB_gross_minus_net_disturbed_forest,26381.0,0.0
8,final_total_AGB_gross_undisturbed_forest,72813264.0,36406632.0
8,final_total_AGB_net_undisturbed_forest,72799752.0,36399876.0
8,final_total_AGB_gross_minus_net_undisturbed_forest,13512.0,6756.0
9,potential_maximum_undisturbed_AGB,277411136.0,138705568.0
9,initial_AGB_gross_forest_simulation_start,141015056.0,70507528.0
9,final_total_AGB_gross_forest,133314000.0,66657000.0
9,final_total_AGB_net_forest,84869448.0,42434724.0
9,final_total_AGB_gross_minus_net_forest,48444552.0,24222276.0
9,final_total_AGB_agroforestry,48406420.0,24203210.0
9,final_total_AGB_plantation,user-defined not considered gross forest,user-defined not considered gross forest
9,final_total_AGB_gross_disturbed_forest,12057222.0,6028611.0
9,final_total_AGB_net_disturbed_forest,12032624.0,6028611.0
9,final_total_AGB_gross_minus_net_disturbed_forest,24598.0,0.0
9,final_total_AGB_gross_undisturbed_forest,72850360.0,36425180.0
9,final_total_AGB_net_undisturbed_forest,72836824.0,36418412.0
9,final_total_AGB_gross_minus_net_undisturbed_forest,13536.0,6768.0
10,potential_maximum_undisturbed_AGB,277411136.0,138705568.0
10,initial_AGB_gross_forest_simulation_start,141015056.0,70507528.0
10,final_total_AGB_gross_forest,134062480.0,67031240.0
10,final_total_AGB_net_forest,84953312.0,42476656.0
10,final_total_AGB_gross_minus_net_forest,49109168.0,24554584.0
10,final_total_AGB_agroforestry,49070192.0,24535096.0
10,final_total_AGB_plantation,user-defined not considered gross forest,user-defined not considered gross forest
10,final_total_AGB_gross_disturbed_forest,12108382.0,6054191.0
10,final_total_AGB_net_disturbed_forest,12082950.0,6054191.0
10,final_total_AGB_gross_minus_net_disturbed_forest,25432.0,0.0
10,final_total_AGB_gross_undisturbed_forest,72883912.0,36441956.0
10,final_total_AGB_net_undisturbed_forest,72870360.0,36435180.0
10,final_total_AGB_gross_minus_net_undisturbed_forest,13552.0,6776.0
11,potential_maximum_undisturbed_AGB,277411136.0,138705568.0
11,initial_AGB_gross_forest_simulation_start,141015056.0,70507528.0
11,final_total_AGB_gross_forest,134757744.0,67378872.0
11,final_total_AGB_net_forest,85039152.0,42519576.0
11,final_total_AGB_gross_minus_net_forest,49718592.0,24859296.0
11,final_total_AGB_agroforestry,49676652.0,24838326.0
11,final_total_AGB_plantation,user-defined not considered gross forest,user-defined not considered gross forest
11,final_total_AGB_gross_disturbed_forest,12166702.0,6083351.0
11,final_total_AGB_net_disturbed_forest,12138322.0,6083351.0
11,final_total_AGB_gross_minus_net_disturbed_forest,28380.0,0.0
11,final_total_AGB_gross_undisturbed_forest,72914392.0,36457196.0
11,final_total_AGB_net_undisturbed_forest,72900832.0,36450416.0
11,final_total_AGB_gross_minus_net_undisturbed_forest,13560.0,6780.0
12,potential_maximum_undisturbed_AGB,277411136.0,138705568.0
12,initial_AGB_gross_forest_simulation_start,141015056.0,70507528.0
12,final_total_AGB_gross_forest,135382336.0,67691168.0
12,final_total_AGB_net_forest,85112240.0,42556120.0
12,final_total_AGB_gross_minus_net_forest,50270096.0,25135048.0
12,final_total_AGB_agroforestry,50226108.0,25113054.0
12,final_total_AGB_plantation,user-defined not considered gross forest,user-defined not considered gross forest
12,final_total_AGB_gross_disturbed_forest,12213919.0,6106959.5
12,final_total_AGB_net_disturbed_forest,12183498.0,6106959.5
12,final_total_AGB_gross_minus_net_disturbed_forest,30421.0,0.0
12,final_total_AGB_gross_undisturbed_forest,72942312.0,36471156.0
12,final_total_AGB_net_undisturbed_forest,72928744.0,36464372.0
12,final_total_AGB_gross_minus_net_undisturbed_forest,13568.0,6784.0
13,potential_maximum_undisturbed_AGB,277411136.0,138705568.0
13,initial_AGB_gross_forest_simulation_start,141015056.0,70507528.0
13,final_total_AGB_gross_forest,135954224.0,67977112.0
13,final_total_AGB_net_forest,85184544.0,42592272.0
13,final_total_AGB_gross_minus_net_forest,50769680.0,25384840.0
13,final_total_AGB_agroforestry,50722856.0,25361428.0
13,final_total_AGB_plantation,user-defined not considered gross forest,user-defined not considered gross forest
13,final_total_AGB_gross_disturbed_forest,12263375.0,6131687.5
13,final_total_AGB_net_disturbed_forest,12230119.0,6131687.5
13,final_total_AGB_gross_minus_net_disturbed_forest,33256.0,0.0
13,final_total_AGB_gross_undisturbed_forest,72968000.0,36484000.0
13,final_total_AGB_net_undisturbed_forest,72954424.0,36477212.0
13,final_total_AGB_gross_minus_net_undisturbed_forest,13576.0,6788.0
14,potential_maximum_undisturbed_AGB,277411136.0,138705568.0
14,initial_AGB_gross_forest_simulation_start,141015056.0,70507528.0
14,final_total_AGB_gross_forest,136480592.0,68240296.0
14,final_total_AGB_net_forest,85260848.0,42630424.0
14,final_total_AGB_gross_minus_net_forest,51219744.0,25609872.0
14,final_total_AGB_agroforestry,51172536.0,25586268.0
14,final_total_AGB_plantation,user-defined not considered gross forest,user-defined not considered gross forest
14,final_total_AGB_gross_disturbed_forest,12316305.0,6158152.5
14,final_total_AGB_net_disturbed_forest,12282685.0,6158152.5
14,final_total_AGB_gross_minus_net_disturbed_forest,33620.0,0.0
14,final_total_AGB_gross_undisturbed_forest,72991752.0,36495876.0
14,final_total_AGB_net_undisturbed_forest,72978168.0,36489084.0
14,final_total_AGB_gross_minus_net_undisturbed_forest,13584.0,6792.0
15,potential_maximum_undisturbed_AGB,277411136.0,138705568.0
15,initial_AGB_gross_forest_simulation_start,141015056.0,70507528.0
15,final_total_AGB_gross_forest,136944048.0,68472024.0
15,final_total_AGB_net_forest,85325736.0,42662868.0
15,final_total_AGB_gross_minus_net_forest,51618312.0,25809156.0
15,final_total_AGB_agroforestry,51575724.0,25787862.0
15,final_total_AGB_plantation,user-defined not considered gross forest,user-defined not considered gross forest
15,final_total_AGB_gross_disturbed_forest,12355535.0,6177767.5
15,final_total_AGB_net_disturbed_forest,12326539.0,6177767.5
15,final_total_AGB_gross_minus_net_disturbed_forest,28996.0,0.0
15,final_total_AGB_gross_undisturbed_forest,73012792.0,36506396.0
15,final_total_AGB_net_undisturbed_forest,72999200.0,36499600.0
15,final_total_AGB_gross_minus_net_undisturbed_forest,13592.0,6796.0
16,potential_maximum_undisturbed_AGB,277411136.0,138705568.0
16,initial_AGB_gross_forest_simulation_start,141015056.0,70507528.0
16,final_total_AGB_gross_forest,137363376.0,68681688.0
16,final_total_AGB_net_forest,85388952.0,42694476.0
16,final_total_AGB_gross_minus_net_forest,51974424.0,25987212.0
16,final_total_AGB_agroforestry,51941016.0,25970508.0
16,final_total_AGB_plantation,user-defined not considered gross forest,user-defined not considered gross forest
16,final_total_AGB_gross_disturbed_forest,12389242.0,6194621.0
16,final_total_AGB_net_disturbed_forest,12369440.0,6194621.0
16,final_total_AGB_gross_minus_net_disturbed_forest,19802.0,0.0
16,final_total_AGB_gross_undisturbed_forest,73033112.0,36516556.0
16,final_total_AGB_net_undisturbed_forest,73019512.0,36509756.0
16,final_total_AGB_gross_minus_net_undisturbed_forest,13600.0,6800.0
17,potential_maximum_undisturbed_AGB,268474816.0,134237408.0
17,initial_AGB_gross_forest_simulation_start,141015056.0,70507528.0
17,final_total_AGB_gross_forest,120400872.0,60200436.0
17,final_total_AGB_net_forest,70256792.0,35128396.0
17,final_total_AGB_gross_minus_net_forest,50144080.0,25072040.0
17,final_total_AGB_agroforestry,50104992.0,25052496.0
17,final_total_AGB_plantation,user-defined not considered gross forest,user-defined not considered gross forest
17,final_total_AGB_gross_disturbed_forest,10986086.0,5493043.0
17,final_total_AGB_net_disturbed_forest,10957642.0,5493043.0
17,final_total_AGB_gross_minus_net_disturbed_forest,28444.0,0.0
17,final_total_AGB_gross_undisturbed_forest,59309796.0,29654898.0
17,final_total_AGB_net_undisturbed_forest,59299152.0,29649576.0
17,final_total_AGB_gross_minus_net_undisturbed_forest,10644.0,5322.0
18,potential_maximum_undisturbed_AGB,268474816.0,134237408.0
18,initial_AGB_gross_forest_simulation_start,141015056.0,70507528.0
18,final_total_AGB_gross_forest,120957936.0,60478968.0
18,final_total_AGB_net_forest,70364224.0,35182112.0
18,final_total_AGB_gross_minus_net_forest,50593712.0,25296856.0
18,final_total_AGB_agroforestry,50527432.0,25263716.0
18,final_total_AGB_plantation,user-defined not considered gross forest,user-defined not considered gross forest
18,final_total_AGB_gross_disturbed_forest,11089852.0,5544926.0
18,final_total_AGB_net_disturbed_forest,11034212.0,5544926.0
18,final_total_AGB_gross_minus_net_disturbed_forest,55640.0,0.0
18,final_total_AGB_gross_undisturbed_forest,59340652.0,29670326.0
18,final_total_AGB_net_undisturbed_forest,59330008.0,29665004.0
18,final_total_AGB_gross_minus_net_undisturbed_forest,10644.0,5322.0
19,potential_maximum_undisturbed_AGB,268474816.0,134237408.0
19,initial_AGB_gross_forest_simulation_start,141015056.0,70507528.0
19,final_total_AGB_gross_forest,121393224.0,60696612.0
19,final_total_AGB_net_forest,70461216.0,35230608.0
19,final_total_AGB_gross_minus_net_forest,50932008.0,25466004.0
19,final_total_AGB_agroforestry,50851016.0,25425508.0
19,final_total_AGB_plantation,user-defined not considered gross forest,user-defined not considered gross forest
19,final_total_AGB_gross_disturbed_forest,11179783.0,5589891.5
19,final_total_AGB_net_disturbed_forest,11109443.0,5589891.5
19,final_total_AGB_gross_minus_net_disturbed_forest,70340.0,0.0
19,final_total_AGB_gross_undisturbed_forest,59362420.0,29681210.0
19,final_total_AGB_net_undisturbed_forest,59351776.0,29675888.0
19,final_total_AGB_gross_minus_net_undisturbed_forest,10644.0,5322.0
20,potential_maximum_undisturbed_AGB,268474816.0,134237408.0
20,initial_AGB_gross_forest_simulation_start,141015056.0,70507528.0
20,final_total_AGB_gross_forest,121757752.0,60878876.0
20,final_total_AGB_net_forest,70547152.0,35273576.0
20,final_total_AGB_gross_minus_net_forest,51210600.0,25605300.0
20,final_total_AGB_agroforestry,51127532.0,25563766.0
20,final_total_AGB_plantation,user-defined not considered gross forest,user-defined not considered gross forest
20,final_total_AGB_gross_disturbed_forest,11254061.0,5627030.5
20,final_total_AGB_net_disturbed_forest,11181639.0,5627030.5
20,final_total_AGB_gross_minus_net_disturbed_forest,72422.0,0.0
20,final_total_AGB_gross_undisturbed_forest,59376160.0,29688080.0
20,final_total_AGB_net_undisturbed_forest,59365516.0,29682758.0
20,final_total_AGB_gross_minus_net_undisturbed_forest,10644.0,5322.0
21,potential_maximum_undisturbed_AGB,268474816.0,134237408.0
21,initial_AGB_gross_forest_simulation_start,141015056.0,70507528.0
21,final_total_AGB_gross_forest,122066104.0,61033052.0
21,final_total_AGB_net_forest,70618392.0,35309196.0
21,final_total_AGB_gross_minus_net_forest,51447712.0,25723856.0
21,final_total_AGB_agroforestry,51370360.0,25685180.0
21,final_total_AGB_plantation,user-defined not considered gross forest,user-defined not considered gross forest
21,final_total_AGB_gross_disturbed_forest,11310467.0,5655233.5
21,final_total_AGB_net_disturbed_forest,11243763.0,5655233.5
21,final_total_AGB_gross_minus_net_disturbed_forest,66704.0,0.0
21,final_total_AGB_gross_undisturbed_forest,59385276.0,29692638.0
21,final_total_AGB_net_undisturbed_forest,59374628.0,29687314.0
21,final_total_AGB_gross_minus_net_undisturbed_forest,10648.0,5324.0
22,potential_maximum_undisturbed_AGB,268474816.0,134237408.0
22,initial_AGB_gross_forest_simulation_start,141015056.0,70507528.0
22,final_total_AGB_gross_forest,122341640.0,61170820.0
22,final_total_AGB_net_forest,70691040.0,35345520.0
22,final_total_AGB_gross_minus_net_forest,51650600.0,25825300.0
22,final_total_AGB_agroforestry,51582756.0,25791378.0
22,final_total_AGB_plantation,user-defined not considered gross forest,user-defined not considered gross forest
22,final_total_AGB_gross_disturbed_forest,11366477.0,5683238.5
22,final_total_AGB_net_disturbed_forest,11309276.0,5683238.5
22,final_total_AGB_gross_minus_net_disturbed_forest,57201.0,0.0
22,final_total_AGB_gross_undisturbed_forest,59392412.0,29696206.0
22,final_total_AGB_net_undisturbed_forest,59381764.0,29690882.0
22,final_total_AGB_gross_minus_net_undisturbed_forest,10648.0,5324.0
23,potential_maximum_undisturbed_AGB,268474816.0,134237408.0
23,initial_AGB_gross_forest_simulation_start,141015056.0,70507528.0
23,final_total_AGB_gross_forest,122599504.0,61299752.0
23,final_total_AGB_net_forest,70759520.0,35379760.0
23,final_total_AGB_gross_minus_net_forest,51839984.0,25919992.0
23,final_total_AGB_agroforestry,51781344.0,25890672.0
23,final_total_AGB_plantation,user-defined not considered gross forest,user-defined not considered gross forest
23,final_total_AGB_gross_disturbed_forest,11419453.0,5709726.5
23,final_total_AGB_net_disturbed_forest,11371462.0,5709726.5
23,final_total_AGB_gross_minus_net_disturbed_forest,47991.0,0.0
23,final_total_AGB_gross_undisturbed_forest,59398708.0,29699354.0
23,final_total_AGB_net_undisturbed_forest,59388060.0,29694030.0
23,final_total_AGB_gross_minus_net_undisturbed_forest,10648.0,5324.0
24,potential_maximum_undisturbed_AGB,268474816.0,134237408.0
24,initial_AGB_gross_forest_simulation_start,141015056.0,70507528.0
24,final_total_AGB_gross_forest,122833960.0,61416980.0
24,final_total_AGB_net_forest,70820320.0,35410160.0
24,final_total_AGB_gross_minus_net_forest,52013640.0,26006820.0
24,final_total_AGB_agroforestry,51965132.0,25982566.0
24,final_total_AGB_plantation,user-defined not considered gross forest,user-defined not considered gross forest
24,final_total_AGB_gross_disturbed_forest,11464293.0,5732146.5
24,final_total_AGB_net_disturbed_forest,11426432.0,5732146.5
24,final_total_AGB_gross_minus_net_disturbed_forest,37861.0,0.0
24,final_total_AGB_gross_undisturbed_forest,59404536.0,29702268.0
24,final_total_AGB_net_undisturbed_forest,59393888.0,29696944.0
24,final_total_AGB_gross_minus_net_undisturbed_forest,10648.0,5324.0
25,potential_maximum_undisturbed_AGB,268474816.0,134237408.0
25,initial_AGB_gross_forest_simulation_start,141015056.0,70507528.0
25,final_total_AGB_gross_forest,123077040.0,61538520.0
25,final_total_AGB_net_forest,70892952.0,35446476.0
25,final_total_AGB_gross_minus_net_forest,52184088.0,26092044.0
25,final_total_AGB_agroforestry,52141316.0,26070658.0
25,final_total_AGB_plantation,user-defined not considered gross forest,user-defined not considered gross forest
25,final_total_AGB_gross_disturbed_forest,11525718.0,5762859.0
25,final_total_AGB_net_disturbed_forest,11493600.0,5762859.0
25,final_total_AGB_gross_minus_net_disturbed_forest,32118.0,0.0
25,final_total_AGB_gross_undisturbed_forest,59410004.0,29705002.0
25,final_total_AGB_net_undisturbed_forest,59399356.0,29699678.0
25,final_total_AGB_gross_minus_net_undisturbed_forest,10648.0,5324.0
26,potential_maximum_undisturbed_AGB,268474816.0,134237408.0
26,initial_AGB_gross_forest_simulation_start,141015056.0,70507528.0
26,final_total_AGB_gross_forest,123107528.0,61553764.0
26,final_total_AGB_net_forest,70759344.0,35379672.0
26,final_total_AGB_gross_minus_net_forest,52348184.0,26174092.0
26,final_total_AGB_agroforestry,52309528.0,26154764.0
26,final_total_AGB_plantation,user-defined not considered gross forest,user-defined not considered gross forest
26,final_total_AGB_gross_disturbed_forest,11475161.0,5737580.5
26,final_total_AGB_net_disturbed_forest,11447149.0,5737580.5
26,final_total_AGB_gross_minus_net_disturbed_forest,28012.0,0.0
26,final_total_AGB_gross_undisturbed_forest,59322840.0,29661420.0
26,final_total_AGB_net_undisturbed_forest,59312192.0,29656096.0
26,final_total_AGB_gross_minus_net_undisturbed_forest,10648.0,5324.0
27,potential_maximum_undisturbed_AGB,268474816.0,134237408.0
27,initial_AGB_gross_forest_simulation_start,141015056.0,70507528.0
27,final_total_AGB_gross_forest,123284224.0,61642112.0
27,final_total_AGB_net_forest,70757328.0,35378664.0
27,final_total_AGB_gross_minus_net_forest,52526896.0,26263448.0
27,final_total_AGB_agroforestry,52485680.0,26242840.0
27,final_total_AGB_plantation,user-defined not considered gross forest,user-defined not considered gross forest
27,final_total_AGB_gross_disturbed_forest,11470898.0,5735449.0
27,final_total_AGB_net_disturbed_forest,11440326.0,5735449.0
27,final_total_AGB_gross_minus_net_disturbed_forest,30572.0,0.0
27,final_total_AGB_gross_undisturbed_forest,59327648.0,29663824.0
27,final_total_AGB_net_undisturbed_forest,59317004.0,29658502.0
27,final_total_AGB_gross_minus_net_undisturbed_forest,10644.0,5322.0
28,potential_maximum_undisturbed_AGB,268474816.0,134237408.0
28,initial_AGB_gross_forest_simulation_start,141015056.0,70507528.0
28,final_total_AGB_gross_forest,123466328.0,61733164.0
28,final_total_AGB_net_forest,70759808.0,35379904.0
28,final_total_AGB_gross_minus_net_forest,52706520.0,26353260.0
28,final_total_AGB_agroforestry,52661720.0,26330860.0
28,final_total_AGB_plantation,user-defined not considered gross forest,user-defined not considered gross forest
28,final_total_AGB_gross_disturbed_forest,11473139.0,5736569.5
28,final_total_AGB_net_disturbed_forest,11438987.0,5736569.5
28,final_total_AGB_gross_minus_net_disturbed_forest,34152.0,0.0
28,final_total_AGB_gross_undisturbed_forest,59331468.0,29665734.0
28,final_total_AGB_net_undisturbed_forest,59320820.0,29660410.0
28,final_total_AGB_gross_minus_net_undisturbed_forest,10648.0,5324.0
29,potential_maximum_undisturbed_AGB,268474816.0,134237408.0
29,initial_AGB_gross_forest_simulation_start,141015056.0,70507528.0
29,final_total_AGB_gross_forest,123646232.0,61823116.0
29,final_total_AGB_net_forest,70743232.0,35371616.0
29,final_total_AGB_gross_minus_net_forest,52903000.0,26451500.0
29,final_total_AGB_agroforestry,52853684.0,26426842.0
29,final_total_AGB_plantation,user-defined not considered gross forest,user-defined not considered gross forest
29,final_total_AGB_gross_disturbed_forest,11457819.0,5728909.5
29,final_total_AGB_net_disturbed_forest,11419153.0,5728909.5
29,final_total_AGB_gross_minus_net_disturbed_forest,38666.0,0.0
29,final_total_AGB_gross_undisturbed_forest,59334728.0,29667364.0
29,final_total_AGB_net_undisturbed_forest,59324080.0,29662040.0
29,final_total_AGB_gross_minus_net_undisturbed_forest,10648.0,5324.0
30,potential_maximum_undisturbed_AGB,268474816.0,134237408.0
30,initial_AGB_gross_forest_simulation_start,141015056.0,70507528.0
30,final_total_AGB_gross_forest,123828080.0,61914040.0
30,final_total_AGB_net_forest,70719344.0,35359672.0
30,final_total_AGB_gross_minus_net_forest,53108736.0,26554368.0
30,final_total_AGB_agroforestry,53054452.0,26527226.0
30,final_total_AGB_plantation,user-defined not considered gross forest,user-defined not considered gross forest
30,final_total_AGB_gross_disturbed_forest,11435888.0,5717944.0
30,final_total_AGB_net_disturbed_forest,11392256.0,5717944.0
30,final_total_AGB_gross_minus_net_disturbed_forest,43632.0,0.0
30,final_total_AGB_gross_undisturbed_forest,59337736.0,29668868.0
30,final_total_AGB_net_undisturbed_forest,59327088.0,29663544.0
30,final_total_AGB_gross_minus_net_undisturbed_forest,10648.0,5324.0
31,potential_maximum_undisturbed_AGB,268474816.0,134237408.0
31,initial_AGB_gross_forest_simulation_start,141015056.0,70507528.0
31,final_total_AGB_gross_forest,124008048.0,62004024.0
31,final_total_AGB_net_forest,70687976.0,35343988.0
31,final_total_AGB_gross_minus_net_forest,53320072.0,26660036.0
31,final_total_AGB_agroforestry,53259884.0,26629942.0
31,final_total_AGB_plantation,user-defined not considered gross forest,user-defined not considered gross forest
31,final_total_AGB_gross_disturbed_forest,11407084.0,5703542.0
31,final_total_AGB_net_disturbed_forest,11357548.0,5703542.0
31,final_total_AGB_gross_minus_net_disturbed_forest,49536.0,0.0
31,final_total_AGB_gross_undisturbed_forest,59341076.0,29670538.0
31,final_total_AGB_net_undisturbed_forest,59330428.0,29665214.0
31,final_total_AGB_gross_minus_net_undisturbed_forest,10648.0,5324.0
32,potential_maximum_undisturbed_AGB,268474816.0,134237408.0
32,initial_AGB_gross_forest_simulation_start,141015056.0,70507528.0
32,final_total_AGB_gross_forest,124175408.0,62087704.0
32,final_total_AGB_net_forest,70639896.0,35319948.0
32,final_total_AGB_gross_minus_net_forest,53535512.0,26767756.0
32,final_total_AGB_agroforestry,53468704.0,26734352.0
32,final_total_AGB_plantation,user-defined not considered gross forest,user-defined not considered gross forest
32,final_total_AGB_gross_disturbed_forest,11362351.0,5681175.5
32,final_total_AGB_net_disturbed_forest,11306188.0,5681175.5
32,final_total_AGB_gross_minus_net_disturbed_forest,56163.0,0.0
32,final_total_AGB_gross_undisturbed_forest,59344356.0,29672178.0
32,final_total_AGB_net_undisturbed_forest,59333708.0,29666854.0
32,final_total_AGB_gross_minus_net_undisturbed_forest,10648.0,5324.0
33,potential_maximum_undisturbed_AGB,268474816.0,134237408.0
33,initial_AGB_gross_forest_simulation_start,141015056.0,70507528.0
33,final_total_AGB_gross_forest,124351328.0,62175664.0
33,final_total_AGB_net_forest,70591248.0,35295624.0
33,final_total_AGB_gross_minus_net_forest,53760080.0,26880040.0
33,final_total_AGB_agroforestry,53687588.0,26843794.0
33,final_total_AGB_plantation,user-defined not considered gross forest,user-defined not considered gross forest
33,final_total_AGB_gross_disturbed_forest,11316608.0,5658304.0
33,final_total_AGB_net_disturbed_forest,11254760.0,5658304.0
33,final_total_AGB_gross_minus_net_disturbed_forest,61848.0,0.0
33,final_total_AGB_gross_undisturbed_forest,59347136.0,29673568.0
33,final_total_AGB_net_undisturbed_forest,59336488.0,29668244.0
33,final_total_AGB_gross_minus_net_undisturbed_forest,10648.0,5324.0
34,potential_maximum_undisturbed_AGB,268474816.0,134237408.0
34,initial_AGB_gross_forest_simulation_start,141015056.0,70507528.0
34,final_total_AGB_gross_forest,124526680.0,62263340.0
34,final_total_AGB_net_forest,70541936.0,35270968.0
34,final_total_AGB_gross_minus_net_forest,53984744.0,26992372.0
34,final_total_AGB_agroforestry,53905820.0,26952910.0
34,final_total_AGB_plantation,user-defined not considered gross forest,user-defined not considered gross forest
34,final_total_AGB_gross_disturbed_forest,11271211.0,5635605.5
34,final_total_AGB_net_disturbed_forest,11202929.0,5635605.5
34,final_total_AGB_gross_minus_net_disturbed_forest,68282.0,0.0
34,final_total_AGB_gross_undisturbed_forest,59349652.0,29674826.0
34,final_total_AGB_net_undisturbed_forest,59339004.0,29669502.0
34,final_total_AGB_gross_minus_net_undisturbed_forest,10648.0,5324.0
35,potential_maximum_undisturbed_AGB,268474816.0,134237408.0
35,initial_AGB_gross_forest_simulation_start,141015056.0,70507528.0
35,final_total_AGB_gross_forest,124705728.0,62352864.0
35,final_total_AGB_net_forest,70493024.0,35246512.0
35,final_total_AGB_gross_minus_net_forest,54212704.0,27106352.0
35,final_total_AGB_agroforestry,54124984.0,27062492.0
35,final_total_AGB_plantation,user-defined not considered gross forest,user-defined not considered gross forest
35,final_total_AGB_gross_disturbed_forest,11228601.0,5614300.5
35,final_total_AGB_net_disturbed_forest,11151526.0,5614300.5
35,final_total_AGB_gross_minus_net_disturbed_forest,77075.0,0.0
35,final_total_AGB_gross_undisturbed_forest,59352148.0,29676074.0
35,final_total_AGB_net_undisturbed_forest,59341500.0,29670750.0
35,final_total_AGB_gross_minus_net_undisturbed_forest,10648.0,5324.0
36,potential_maximum_undisturbed_AGB,268474816.0,134237408.0
36,initial_AGB_gross_forest_simulation_start,141015056.0,70507528.0
36,final_total_AGB_gross_forest,124885600.0,62442800.0
36,final_total_AGB_net_forest,70435208.0,35217604.0
36,final_total_AGB_gross_minus_net_forest,54450392.0,27225196.0
36,final_total_AGB_agroforestry,54349392.0,27174696.0
36,final_total_AGB_plantation,user-defined not considered gross forest,user-defined not considered gross forest
36,final_total_AGB_gross_disturbed_forest,11182448.0,5591224.0
36,final_total_AGB_net_disturbed_forest,11092093.0,5591224.0
36,final_total_AGB_gross_minus_net_disturbed_forest,90355.0,0.0
36,final_total_AGB_gross_undisturbed_forest,59353760.0,29676880.0
36,final_total_AGB_net_undisturbed_forest,59343112.0,29671556.0
36,final_total_AGB_gross_minus_net_undisturbed_forest,10648.0,5324.0
37,potential_maximum_undisturbed_AGB,270953760.0,135476880.0
37,initial_AGB_gross_forest_simulation_start,141015056.0,70507528.0
37,final_total_AGB_gross_forest,124344232.0,62172116.0
37,final_total_AGB_net_forest,70996648.0,35498324.0
37,final_total_AGB_gross_minus_net_forest,53347584.0,26673792.0
37,final_total_AGB_agroforestry,53241264.0,26620632.0
37,final_total_AGB_plantation,user-defined not considered gross forest,user-defined not considered gross forest
37,final_total_AGB_gross_disturbed_forest,11116703.0,5558351.5
37,final_total_AGB_net_disturbed_forest,11021205.0,5558351.5
37,final_total_AGB_gross_minus_net_disturbed_forest,95498.0,0.0
37,final_total_AGB_gross_undisturbed_forest,59986268.0,29993134.0
37,final_total_AGB_net_undisturbed_forest,59975444.0,29987722.0
37,final_total_AGB_gross_minus_net_undisturbed_forest,10824.0,5412.0
38,potential_maximum_undisturbed_AGB,270953760.0,135476880.0
38,initial_AGB_gross_forest_simulation_start,141015056.0,70507528.0
38,final_total_AGB_gross_forest,125435952.0,62717976.0
38,final_total_AGB_net_forest,71784808.0,35892404.0
38,final_total_AGB_gross_minus_net_forest,53651144.0,26825572.0
38,final_total_AGB_agroforestry,53540688.0,26770344.0
38,final_total_AGB_plantation,user-defined not considered gross forest,user-defined not considered gross forest
38,final_total_AGB_gross_disturbed_forest,11226338.0,5613169.0
38,final_total_AGB_net_disturbed_forest,11126838.0,5613169.0
38,final_total_AGB_gross_minus_net_disturbed_forest,99500.0,0.0
38,final_total_AGB_gross_undisturbed_forest,60668928.0,30334464.0
38,final_total_AGB_net_undisturbed_forest,60657968.0,30328984.0
38,final_total_AGB_gross_minus_net_undisturbed_forest,10960.0,5480.0
39,potential_maximum_undisturbed_AGB,270953760.0,135476880.0
39,initial_AGB_gross_forest_simulation_start,141015056.0,70507528.0
39,final_total_AGB_gross_forest,126118152.0,63059076.0
39,final_total_AGB_net_forest,72246272.0,36123136.0
39,final_total_AGB_gross_minus_net_forest,53871880.0,26935940.0
39,final_total_AGB_agroforestry,53755548.0,26877774.0
39,final_total_AGB_plantation,user-defined not considered gross forest,user-defined not considered gross forest
39,final_total_AGB_gross_disturbed_forest,11311271.0,5655635.5
39,final_total_AGB_net_disturbed_forest,11205969.0,5655635.5
39,final_total_AGB_gross_minus_net_disturbed_forest,105302.0,0.0
39,final_total_AGB_gross_undisturbed_forest,61051328.0,30525664.0
39,final_total_AGB_net_undisturbed_forest,61040304.0,30520152.0
39,final_total_AGB_gross_minus_net_undisturbed_forest,11024.0,5512.0
40,potential_maximum_undisturbed_AGB,270953760.0,135476880.0
40,initial_AGB_gross_forest_simulation_start,141015056.0,70507528.0
40,final_total_AGB_gross_forest,126535144.0,63267572.0
40,final_total_AGB_net_forest,72477864.0,36238932.0
40,final_total_AGB_gross_minus_net_forest,54057280.0,27028640.0
40,final_total_AGB_agroforestry,53935560.0,26967780.0
40,final_total_AGB_plantation,user-defined not considered gross forest,user-defined not considered gross forest
40,final_total_AGB_gross_disturbed_forest,11381463.0,5690731.5
40,final_total_AGB_net_disturbed_forest,11270797.0,5690731.5
40,final_total_AGB_gross_minus_net_disturbed_forest,110666.0,0.0
40,final_total_AGB_gross_undisturbed_forest,61218120.0,30609060.0
40,final_total_AGB_net_undisturbed_forest,61207068.0,30603534.0
40,final_total_AGB_gross_minus_net_undisturbed_forest,11052.0,5526.0
41,potential_maximum_undisturbed_AGB,270953760.0,135476880.0
41,initial_AGB_gross_forest_simulation_start,141015056.0,70507528.0
41,final_total_AGB_gross_forest,126824944.0,63412472.0
41,final_total_AGB_net_forest,72605488.0,36302744.0
41,final_total_AGB_gross_minus_net_forest,54219456.0,27109728.0
41,final_total_AGB_agroforestry,54092712.0,27046356.0
41,final_total_AGB_plantation,user-defined not considered gross forest,user-defined not considered gross forest
41,final_total_AGB_gross_disturbed_forest,11443743.0,5721871.5
41,final_total_AGB_net_disturbed_forest,11328068.0,5721871.5
41,final_total_AGB_gross_minus_net_disturbed_forest,115675.0,0.0
41,final_total_AGB_gross_undisturbed_forest,61288488.0,30644244.0
41,final_total_AGB_net_undisturbed_forest,61277420.0,30638710.0
41,final_total_AGB_gross_minus_net_undisturbed_forest,11068.0,5534.0
42,potential_maximum_undisturbed_AGB,270953760.0,135476880.0
42,initial_AGB_gross_forest_simulation_start,141015056.0,70507528.0
42,final_total_AGB_gross_forest,127064664.0,63532332.0
42,final_total_AGB_net_forest,72678992.0,36339496.0
42,final_total_AGB_gross_minus_net_forest,54385672.0,27192836.0
42,final_total_AGB_agroforestry,54252592.0,27126296.0
42,final_total_AGB_plantation,user-defined not considered gross forest,user-defined not considered gross forest
42,final_total_AGB_gross_disturbed_forest,11492825.0,5746412.5
42,final_total_AGB_net_disturbed_forest,11370825.0,5746412.5
42,final_total_AGB_gross_minus_net_disturbed_forest,122000.0,0.0
42,final_total_AGB_gross_undisturbed_forest,61319244.0,30659622.0
42,final_total_AGB_net_undisturbed_forest,61308168.0,30654084.0
42,final_total_AGB_gross_minus_net_undisturbed_forest,11076.0,5538.0
43,potential_maximum_undisturbed_AGB,270953760.0,135476880.0
43,initial_AGB_gross_forest_simulation_start,141015056.0,70507528.0
43,final_total_AGB_gross_forest,127274672.0,63637336.0
43,final_total_AGB_net_forest,72730496.0,36365248.0
43,final_total_AGB_gross_minus_net_forest,54544176.0,27272088.0
43,final_total_AGB_agroforestry,54404932.0,27202466.0
43,final_total_AGB_plantation,user-defined not considered gross forest,user-defined not considered gross forest
43,final_total_AGB_gross_disturbed_forest,11536595.0,5768297.5
43,final_total_AGB_net_disturbed_forest,11408437.0,5768297.5
43,final_total_AGB_gross_minus_net_disturbed_forest,128158.0,0.0
43,final_total_AGB_gross_undisturbed_forest,61333140.0,30666570.0
43,final_total_AGB_net_undisturbed_forest,61322056.0,30661028.0
43,final_total_AGB_gross_minus_net_undisturbed_forest,11084.0,5542.0
44,potential_maximum_undisturbed_AGB,270953760.0,135476880.0
44,initial_AGB_gross_forest_simulation_start,141015056.0,70507528.0
44,final_total_AGB_gross_forest,127469936.0,63734968.0
44,final_total_AGB_net_forest,72773744.0,36386872.0
44,final_total_AGB_gross_minus_net_forest,54696192.0,27348096.0
44,final_total_AGB_agroforestry,54550828.0,27275414.0
44,final_total_AGB_plantation,user-defined not considered gross forest,user-defined not considered gross forest
44,final_total_AGB_gross_disturbed_forest,11579129.0,5789564.5
44,final_total_AGB_net_disturbed_forest,11444851.0,5789564.5
44,final_total_AGB_gross_minus_net_disturbed_forest,134278.0,0.0
44,final_total_AGB_gross_undisturbed_forest,61339984.0,30669992.0
44,final_total_AGB_net_undisturbed_forest,61328888.0,30664444.0
44,final_total_AGB_gross_minus_net_undisturbed_forest,11096.0,5548.0
45,potential_maximum_undisturbed_AGB,270953760.0,135476880.0
45,initial_AGB_gross_forest_simulation_start,141015056.0,70507528.0
45,final_total_AGB_gross_forest,127648280.0,63824140.0
45,final_total_AGB_net_forest,72811848.0,36405924.0
45,final_total_AGB_gross_minus_net_forest,54836432.0,27418216.0
45,final_total_AGB_agroforestry,54681764.0,27340882.0
45,final_total_AGB_plantation,user-defined not considered gross forest,user-defined not considered gross forest
45,final_total_AGB_gross_disturbed_forest,11622709.0,5811354.5
45,final_total_AGB_net_disturbed_forest,11479138.0,5811354.5
45,final_total_AGB_gross_minus_net_disturbed_forest,143571.0,0.0
45,final_total_AGB_gross_undisturbed_forest,61343804.0,30671902.0
45,final_total_AGB_net_undisturbed_forest,61332708.0,30666354.0
45,final_total_AGB_gross_minus_net_undisturbed_forest,11096.0,5548.0
46,potential_maximum_undisturbed_AGB,270953760.0,135476880.0
46,initial_AGB_gross_forest_simulation_start,141015056.0,70507528.0
46,final_total_AGB_gross_forest,127818872.0,63909436.0
46,final_total_AGB_net_forest,72841664.0,36420832.0
46,final_total_AGB_gross_minus_net_forest,54977208.0,27488604.0
46,final_total_AGB_agroforestry,54816044.0,27408022.0
46,final_total_AGB_plantation,user-defined not considered gross forest,user-defined not considered gross forest
46,final_total_AGB_gross_disturbed_forest,11656669.0,5828334.5
46,final_total_AGB_net_disturbed_forest,11506604.0,5828334.5
46,final_total_AGB_gross_minus_net_disturbed_forest,150065.0,0.0
46,final_total_AGB_gross_undisturbed_forest,61346160.0,30673080.0
46,final_total_AGB_net_undisturbed_forest,61335060.0,30667530.0
46,final_total_AGB_gross_minus_net_undisturbed_forest,11100.0,5550.0
47,potential_maximum_undisturbed_AGB,270953760.0,135476880.0
47,initial_AGB_gross_forest_simulation_start,141015056.0,70507528.0
47,final_total_AGB_gross_forest,127952624.0,63976312.0
47,final_total_AGB_net_forest,72814392.0,36407196.0
47,final_total_AGB_gross_minus_net_forest,55138232.0,27569116.0
47,final_total_AGB_agroforestry,54966380.0,27483190.0
47,final_total_AGB_plantation,user-defined not considered gross forest,user-defined not considered gross forest
47,final_total_AGB_gross_disturbed_forest,11640526.0,5820263.0
47,final_total_AGB_net_disturbed_forest,11479779.0,5820263.0
47,final_total_AGB_gross_minus_net_disturbed_forest,160747.0,0.0
47,final_total_AGB_gross_undisturbed_forest,61345716.0,30672858.0
47,final_total_AGB_net_undisturbed_forest,61334612.0,30667306.0
47,final_total_AGB_gross_minus_net_undisturbed_forest,11104.0,5552.0
48,potential_maximum_undisturbed_AGB,270953760.0,135476880.0
48,initial_AGB_gross_forest_simulation_start,141015056.0,70507528.0
48,final_total_AGB_gross_forest,128080392.0,64040196.0
48,final_total_AGB_net_forest,72794968.0,36397484.0
48,final_total_AGB_gross_minus_net_forest,55285424.0,27642712.0
48,final_total_AGB_agroforestry,55104344.0,27552172.0
48,final_total_AGB_plantation,user-defined not considered gross forest,user-defined not considered gross forest
48,final_total_AGB_gross_disturbed_forest,11631337.0,5815668.5
48,final_total_AGB_net_disturbed_forest,11461360.0,5815668.5
48,final_total_AGB_gross_minus_net_disturbed_forest,169977.0,0.0
48,final_total_AGB_gross_undisturbed_forest,61344712.0,30672356.0
48,final_total_AGB_net_undisturbed_forest,61333608.0,30666804.0
48,final_total_AGB_gross_minus_net_undisturbed_forest,11104.0,5552.0
49,potential_maximum_undisturbed_AGB,270953760.0,135476880.0
49,initial_AGB_gross_forest_simulation_start,141015056.0,70507528.0
49,final_total_AGB_gross_forest,128195432.0,64097716.0
49,final_total_AGB_net_forest,72760144.0,36380072.0
49,final_total_AGB_gross_minus_net_forest,55435288.0,27717644.0
49,final_total_AGB_agroforestry,55241188.0,27620594.0
49,final_total_AGB_plantation,user-defined not considered gross forest,user-defined not considered gross forest
49,final_total_AGB_gross_disturbed_forest,11611315.0,5805657.5
49,final_total_AGB_net_disturbed_forest,11428323.0,5805657.5
49,final_total_AGB_gross_minus_net_disturbed_forest,182992.0,0.0
49,final_total_AGB_gross_undisturbed_forest,61342928.0,30671464.0
49,final_total_AGB_net_undisturbed_forest,61331820.0,30665910.0
49,final_total_AGB_gross_minus_net_undisturbed_forest,11108.0,5554.0
50,potential_maximum_undisturbed_AGB,270953760.0,135476880.0
50,initial_AGB_gross_forest_simulation_start,141015056.0,70507528.0
50,final_total_AGB_gross_forest,128305584.0,64152792.0
50,final_total_AGB_net_forest,72724976.0,36362488.0
50,final_total_AGB_gross_minus_net_forest,55580608.0,27790304.0
50,final_total_AGB_agroforestry,55371988.0,27685994.0
50,final_total_AGB_plantation,user-defined not considered gross forest,user-defined not considered gross forest
50,final_total_AGB_gross_disturbed_forest,11591465.0,5795732.5
50,final_total_AGB_net_disturbed_forest,11393952.0,5795732.5
50,final_total_AGB_gross_minus_net_disturbed_forest,197513.0,0.0
50,final_total_AGB_gross_undisturbed_forest,61342128.0,30671064.0
50,final_total_AGB_net_undisturbed_forest,61331020.0,30665510.0
50,final_total_AGB_gross_minus_net_undisturbed_forest,11108.0,5554.0
51,potential_maximum_undisturbed_AGB,270953760.0,135476880.0
51,initial_AGB_gross_forest_simulation_start,141015056.0,70507528.0
51,final_total_AGB_gross_forest,128411328.0,64205664.0
51,final_total_AGB_net_forest,72688776.0,36344388.0
51,final_total_AGB_gross_minus_net_forest,55722552.0,27861276.0
51,final_total_AGB_agroforestry,55498624.0,27749312.0
51,final_total_AGB_plantation,user-defined not considered gross forest,user-defined not considered gross forest
51,final_total_AGB_gross_disturbed_forest,11572156.0,5786078.0
51,final_total_AGB_net_disturbed_forest,11359331.0,5786078.0
51,final_total_AGB_gross_minus_net_disturbed_forest,212825.0,0.0
51,final_total_AGB_gross_undisturbed_forest,61340548.0,30670274.0
51,final_total_AGB_net_undisturbed_forest,61329440.0,30664720.0
51,final_total_AGB_gross_minus_net_undisturbed_forest,11108.0,5554.0
52,potential_maximum_undisturbed_AGB,270953760.0,135476880.0
52,initial_AGB_gross_forest_simulation_start,141015056.0,70507528.0
52,final_total_AGB_gross_forest,128547928.0,64273964.0
52,final_total_AGB_net_forest,72694920.0,36347460.0
52,final_total_AGB_gross_minus_net_forest,55853008.0,27926504.0
52,final_total_AGB_agroforestry,55616676.0,27808338.0
52,final_total_AGB_plantation,user-defined not considered gross forest,user-defined not considered gross forest
52,final_total_AGB_gross_disturbed_forest,11590537.0,5795268.5
52,final_total_AGB_net_disturbed_forest,11365312.0,5795268.5
52,final_total_AGB_gross_minus_net_disturbed_forest,225225.0,0.0
52,final_total_AGB_gross_undisturbed_forest,61340716.0,30670358.0
52,final_total_AGB_net_undisturbed_forest,61329608.0,30664804.0
52,final_total_AGB_gross_minus_net_undisturbed_forest,11108.0,5554.0
53,potential_maximum_undisturbed_AGB,270953760.0,135476880.0
53,initial_AGB_gross_forest_simulation_start,141015056.0,70507528.0
53,final_total_AGB_gross_forest,128627344.0,64313672.0
53,final_total_AGB_net_forest,72640328.0,36320164.0
53,final_total_AGB_gross_minus_net_forest,55987016.0,27993508.0
53,final_total_AGB_agroforestry,55731204.0,27865602.0
53,final_total_AGB_plantation,user-defined not considered gross forest,user-defined not considered gross forest
53,final_total_AGB_gross_disturbed_forest,11555982.0,5777991.0
53,final_total_AGB_net_disturbed_forest,11311269.0,5777991.0
53,final_total_AGB_gross_minus_net_disturbed_forest,244713.0,0.0
53,final_total_AGB_gross_undisturbed_forest,61340164.0,30670082.0
53,final_total_AGB_net_undisturbed_forest,61329056.0,30664528.0
53,final_total_AGB_gross_minus_net_undisturbed_forest,11108.0,5554.0
54,potential_maximum_undisturbed_AGB,270953760.0,135476880.0
54,initial_AGB_gross_forest_simulation_start,141015056.0,70507528.0
54,final_total_AGB_gross_forest,128687904.0,64343952.0
54,final_total_AGB_net_forest,72575720.0,36287860.0
54,final_total_AGB_gross_minus_net_forest,56112184.0,28056092.0
54,final_total_AGB_agroforestry,55835072.0,27917536.0
54,final_total_AGB_plantation,user-defined not considered gross forest,user-defined not considered gross forest
54,final_total_AGB_gross_disturbed_forest,11513147.0,5756573.5
54,final_total_AGB_net_disturbed_forest,11247145.0,5756573.5
54,final_total_AGB_gross_minus_net_disturbed_forest,266002.0,0.0
54,final_total_AGB_gross_undisturbed_forest,61339684.0,30669842.0
54,final_total_AGB_net_undisturbed_forest,61328576.0,30664288.0
54,final_total_AGB_gross_minus_net_undisturbed_forest,11108.0,5554.0
55,potential_maximum_undisturbed_AGB,270953760.0,135476880.0
55,initial_AGB_gross_forest_simulation_start,141015056.0,70507528.0
55,final_total_AGB_gross_forest,128744856.0,64372428.0
55,final_total_AGB_net_forest,72515304.0,36257652.0
55,final_total_AGB_gross_minus_net_forest,56229552.0,28114776.0
55,final_total_AGB_agroforestry,55931124.0,27965562.0
55,final_total_AGB_plantation,user-defined not considered gross forest,user-defined not considered gross forest
55,final_total_AGB_gross_disturbed_forest,11474754.0,5737377.0
55,final_total_AGB_net_disturbed_forest,11187431.0,5737377.0
55,final_total_AGB_gross_minus_net_disturbed_forest,287323.0,0.0
55,final_total_AGB_gross_undisturbed_forest,61338984.0,30669492.0
55,final_total_AGB_net_undisturbed_forest,61327876.0,30663938.0
55,final_total_AGB_gross_minus_net_undisturbed_forest,11108.0,5554.0
56,potential_maximum_undisturbed_AGB,270953760.0,135476880.0
56,initial_AGB_gross_forest_simulation_start,141015056.0,70507528.0
56,final_total_AGB_gross_forest,128791768.0,64395884.0
56,final_total_AGB_net_forest,72447632.0,36223816.0
56,final_total_AGB_gross_minus_net_forest,56344136.0,28172068.0
56,final_total_AGB_agroforestry,56019680.0,28009840.0
56,final_total_AGB_plantation,user-defined not considered gross forest,user-defined not considered gross forest
56,final_total_AGB_gross_disturbed_forest,11433646.0,5716823.0
56,final_total_AGB_net_disturbed_forest,11120293.0,5716823.0
56,final_total_AGB_gross_minus_net_disturbed_forest,313353.0,0.0
56,final_total_AGB_gross_undisturbed_forest,61338444.0,30669222.0
56,final_total_AGB_net_undisturbed_forest,61327336.0,30663668.0
56,final_total_AGB_gross_minus_net_undisturbed_forest,11108.0,5554.0
57,potential_maximum_undisturbed_AGB,259058736.0,129529368.0
57,initial_AGB_gross_forest_simulation_start,141015056.0,70507528.0
57,final_total_AGB_gross_forest,130217912.0,65108956.0
57,final_total_AGB_net_forest,73261312.0,36630656.0
57,final_total_AGB_gross_minus_net_forest,56956600.0,28478300.0
57,final_total_AGB_agroforestry,56621032.0,28310516.0
57,final_total_AGB_plantation,user-defined not considered gross forest,user-defined not considered gross forest
57,final_total_AGB_gross_disturbed_forest,11358287.0,5679143.5
57,final_total_AGB_net_disturbed_forest,11034009.0,5679143.5
57,final_total_AGB_gross_minus_net_disturbed_forest,324278.0,0.0
57,final_total_AGB_gross_undisturbed_forest,62238596.0,31119298.0
57,final_total_AGB_net_undisturbed_forest,62227304.0,31113652.0
57,final_total_AGB_gross_minus_net_undisturbed_forest,11292.0,5646.0
58,potential_maximum_undisturbed_AGB,259058736.0,129529368.0
58,initial_AGB_gross_forest_simulation_start,141015056.0,70507528.0
58,final_total_AGB_gross_forest,131734272.0,65867136.0
58,final_total_AGB_net_forest,74137600.0,37068800.0
58,final_total_AGB_gross_minus_net_forest,57596672.0,28798336.0
58,final_total_AGB_agroforestry,57229016.0,28614508.0
58,final_total_AGB_plantation,user-defined not considered gross forest,user-defined not considered gross forest
58,final_total_AGB_gross_disturbed_forest,11380879.0,5690439.5
58,final_total_AGB_net_disturbed_forest,11024706.0,5690439.5
58,final_total_AGB_gross_minus_net_disturbed_forest,356173.0,0.0
58,final_total_AGB_gross_undisturbed_forest,63124376.0,31562188.0
58,final_total_AGB_net_undisturbed_forest,63112900.0,31556450.0
58,final_total_AGB_gross_minus_net_undisturbed_forest,11476.0,5738.0
59,potential_maximum_undisturbed_AGB,259058736.0,129529368.0
59,initial_AGB_gross_forest_simulation_start,141015056.0,70507528.0
59,final_total_AGB_gross_forest,132953536.0,66476768.0
59,final_total_AGB_net_forest,74919328.0,37459664.0
59,final_total_AGB_gross_minus_net_forest,58034208.0,29017104.0
59,final_total_AGB_agroforestry,57637264.0,28818632.0
59,final_total_AGB_plantation,user-defined not considered gross forest,user-defined not considered gross forest
59,final_total_AGB_gross_disturbed_forest,11333434.0,5666717.0
59,final_total_AGB_net_disturbed_forest,10948150.0,5666717.0
59,final_total_AGB_gross_minus_net_disturbed_forest,385284.0,0.0
59,final_total_AGB_gross_undisturbed_forest,63982836.0,31991418.0
59,final_total_AGB_net_undisturbed_forest,63971176.0,31985588.0
59,final_total_AGB_gross_minus_net_undisturbed_forest,11660.0,5830.0
60,potential_maximum_undisturbed_AGB,259058736.0,129529368.0
60,initial_AGB_gross_forest_simulation_start,141015056.0,70507528.0
60,final_total_AGB_gross_forest,134005368.0,67002684.0
60,final_total_AGB_net_forest,75639536.0,37819768.0
60,final_total_AGB_gross_minus_net_forest,58365832.0,29182916.0
60,final_total_AGB_agroforestry,57937548.0,28968774.0
60,final_total_AGB_plantation,user-defined not considered gross forest,user-defined not considered gross forest
60,final_total_AGB_gross_disturbed_forest,11275949.0,5637974.5
60,final_total_AGB_net_disturbed_forest,10859497.0,5637974.5
60,final_total_AGB_gross_minus_net_disturbed_forest,416452.0,0.0
60,final_total_AGB_gross_undisturbed_forest,64791872.0,32395936.0
60,final_total_AGB_net_undisturbed_forest,64780044.0,32390022.0
60,final_total_AGB_gross_minus_net_undisturbed_forest,11828.0,5914.0
61,potential_maximum_undisturbed_AGB,259058736.0,129529368.0
61,initial_AGB_gross_forest_simulation_start,141015056.0,70507528.0
61,final_total_AGB_gross_forest,134867328.0,67433664.0
61,final_total_AGB_net_forest,76249368.0,38124684.0
61,final_total_AGB_gross_minus_net_forest,58617960.0,29308980.0
61,final_total_AGB_agroforestry,58154320.0,29077160.0
61,final_total_AGB_plantation,user-defined not considered gross forest,user-defined not considered gross forest
61,final_total_AGB_gross_disturbed_forest,11217801.0,5608900.5
61,final_total_AGB_net_disturbed_forest,10766150.0,5608900.5
61,final_total_AGB_gross_minus_net_disturbed_forest,451651.0,0.0
61,final_total_AGB_gross_undisturbed_forest,65495204.0,32747602.0
61,final_total_AGB_net_undisturbed_forest,65483220.0,32741610.0
61,final_total_AGB_gross_minus_net_undisturbed_forest,11984.0,5992.0
62,potential_maximum_undisturbed_AGB,259058736.0,129529368.0
62,initial_AGB_gross_forest_simulation_start,141015056.0,70507528.0
62,final_total_AGB_gross_forest,135519568.0,67759784.0
62,final_total_AGB_net_forest,76705536.0,38352768.0
62,final_total_AGB_gross_minus_net_forest,58814032.0,29407016.0
62,final_total_AGB_agroforestry,58316976.0,29158488.0
62,final_total_AGB_plantation,user-defined not considered gross forest,user-defined not considered gross forest
62,final_total_AGB_gross_disturbed_forest,11144269.0,5572134.5
62,final_total_AGB_net_disturbed_forest,10659341.0,5572134.5
62,final_total_AGB_gross_minus_net_disturbed_forest,484928.0,0.0
62,final_total_AGB_gross_undisturbed_forest,66058316.0,33029158.0
62,final_total_AGB_net_undisturbed_forest,66046200.0,33023100.0
62,final_total_AGB_gross_minus_net_undisturbed_forest,12116.0,6058.0
63,potential_maximum_undisturbed_AGB,259058736.0,129529368.0
63,initial_AGB_gross_forest_simulation_start,141015056.0,70507528.0
63,final_total_AGB_gross_forest,136018944.0,68009472.0
63,final_total_AGB_net_forest,77034344.0,38517172.0
63,final_total_AGB_gross_minus_net_forest,58984600.0,29492300.0
63,final_total_AGB_agroforestry,58447948.0,29223974.0
63,final_total_AGB_plantation,user-defined not considered gross forest,user-defined not considered gross forest
63,final_total_AGB_gross_disturbed_forest,11060473.0,5530236.5
63,final_total_AGB_net_disturbed_forest,10536055.0,5530236.5
63,final_total_AGB_gross_minus_net_disturbed_forest,524418.0,0.0
63,final_total_AGB_gross_undisturbed_forest,66510528.0,33255264.0
63,final_total_AGB_net_undisturbed_forest,66498288.0,33249144.0
63,final_total_AGB_gross_minus_net_undisturbed_forest,12240.0,6120.0
64,potential_maximum_undisturbed_AGB,259058736.0,129529368.0
64,initial_AGB_gross_forest_simulation_start,141015056.0,70507528.0
64,final_total_AGB_gross_forest,136421824.0,68210912.0
64,final_total_AGB_net_forest,77296464.0,38648232.0
64,final_total_AGB_gross_minus_net_forest,59125360.0,29562680.0
64,final_total_AGB_agroforestry,58549240.0,29274620.0
64,final_total_AGB_plantation,user-defined not considered gross forest,user-defined not considered gross forest
64,final_total_AGB_gross_disturbed_forest,10982333.0,5491166.5
64,final_total_AGB_net_disturbed_forest,10418555.0,5491166.5
64,final_total_AGB_gross_minus_net_disturbed_forest,563778.0,0.0
64,final_total_AGB_gross_undisturbed_forest,66890260.0,33445130.0
64,final_total_AGB_net_undisturbed_forest,66877912.0,33438956.0
64,final_total_AGB_gross_minus_net_undisturbed_forest,12348.0,6174.0
65,potential_maximum_undisturbed_AGB,259058736.0,129529368.0
65,initial_AGB_gross_forest_simulation_start,141015056.0,70507528.0
65,final_total_AGB_gross_forest,136766672.0,68383336.0
65,final_total_AGB_net_forest,77496880.0,38748440.0
65,final_total_AGB_gross_minus_net_forest,59269792.0,29634896.0
65,final_total_AGB_agroforestry,58650420.0,29325210.0
65,final_total_AGB_plantation,user-defined not considered gross forest,user-defined not considered gross forest
65,final_total_AGB_gross_disturbed_forest,10889493.0,5444746.5
65,final_total_AGB_net_disturbed_forest,10282568.0,5444746.5
65,final_total_AGB_gross_minus_net_disturbed_forest,606925.0,0.0
65,final_total_AGB_gross_undisturbed_forest,67226768.0,33613384.0
65,final_total_AGB_net_undisturbed_forest,67214312.0,33607156.0
65,final_total_AGB_gross_minus_net_undisturbed_forest,12456.0,6228.0
66,potential_maximum_undisturbed_AGB,259058736.0,129529368.0
66,initial_AGB_gross_forest_simulation_start,141015056.0,70507528.0
66,final_total_AGB_gross_forest,137070592.0,68535296.0
66,final_total_AGB_net_forest,77662432.0,38831216.0
66,final_total_AGB_gross_minus_net_forest,59408160.0,29704080.0
66,final_total_AGB_agroforestry,58748236.0,29374118.0
66,final_total_AGB_plantation,user-defined not considered gross forest,user-defined not considered gross forest
66,final_total_AGB_gross_disturbed_forest,10787976.0,5393988.0
66,final_total_AGB_net_disturbed_forest,10140602.0,5393988.0
66,final_total_AGB_gross_minus_net_disturbed_forest,647374.0,0.0
66,final_total_AGB_gross_undisturbed_forest,67534376.0,33767188.0
66,final_total_AGB_net_undisturbed_forest,67521824.0,33760912.0
66,final_total_AGB_gross_minus_net_undisturbed_forest,12552.0,6276.0
67,potential_maximum_undisturbed_AGB,259058736.0,129529368.0
67,initial_AGB_gross_forest_simulation_start,141015056.0,70507528.0
67,final_total_AGB_gross_forest,137331376.0,68665688.0
67,final_total_AGB_net_forest,77784344.0,38892172.0
67,final_total_AGB_gross_minus_net_forest,59547032.0,29773516.0
67,final_total_AGB_agroforestry,58834380.0,29417190.0
67,final_total_AGB_plantation,user-defined not considered gross forest,user-defined not considered gross forest
67,final_total_AGB_gross_disturbed_forest,10680983.0,5340491.5
67,final_total_AGB_net_disturbed_forest,9980974.0,5340491.5
67,final_total_AGB_gross_minus_net_disturbed_forest,700009.0,0.0
67,final_total_AGB_gross_undisturbed_forest,67816008.0,33908004.0
67,final_total_AGB_net_undisturbed_forest,67803368.0,33901684.0
67,final_total_AGB_gross_minus_net_undisturbed_forest,12640.0,6320.0
68,potential_maximum_undisturbed_AGB,259058736.0,129529368.0
68,initial_AGB_gross_forest_simulation_start,141015056.0,70507528.0
68,final_total_AGB_gross_forest,137569488.0,68784744.0
68,final_total_AGB_net_forest,77877136.0,38938568.0
68,final_total_AGB_gross_minus_net_forest,59692352.0,29846176.0
68,final_total_AGB_agroforestry,58924220.0,29462110.0
68,final_total_AGB_plantation,user-defined not considered gross forest,user-defined not considered gross forest
68,final_total_AGB_gross_disturbed_forest,10570930.0,5285465.0
68,final_total_AGB_net_disturbed_forest,9815520.0,5285465.0
68,final_total_AGB_gross_minus_net_disturbed_forest,755410.0,0.0
68,final_total_AGB_gross_undisturbed_forest,68074336.0,34037168.0
68,final_total_AGB_net_undisturbed_forest,68061616.0,34030808.0
68,final_total_AGB_gross_minus_net_undisturbed_forest,12720.0,6360.0
69,potential_maximum_undisturbed_AGB,259058736.0,129529368.0
69,initial_AGB_gross_forest_simulation_start,141015056.0,70507528.0
69,final_total_AGB_gross_forest,137783408.0,68891704.0
69,final_total_AGB_net_forest,77946528.0,38973264.0
69,final_total_AGB_gross_minus_net_forest,59836880.0,29918440.0
69,final_total_AGB_agroforestry,59010232.0,29505116.0
69,final_total_AGB_plantation,user-defined not considered gross forest,user-defined not considered gross forest
69,final_total_AGB_gross_disturbed_forest,10470639.0,5235319.5
69,final_total_AGB_net_disturbed_forest,9656790.0,5235319.5
69,final_total_AGB_gross_minus_net_disturbed_forest,813849.0,0.0
69,final_total_AGB_gross_undisturbed_forest,68302528.0,34151264.0
69,final_total_AGB_net_undisturbed_forest,68289744.0,34144872.0
69,final_total_AGB_gross_minus_net_undisturbed_forest,12784.0,6392.0
70,potential_maximum_undisturbed_AGB,259058736.0,129529368.0
70,initial_AGB_gross_forest_simulation_start,141015056.0,70507528.0
70,final_total_AGB_gross_forest,137955120.0,68977560.0
70,final_total_AGB_net_forest,77964472.0,38982236.0
70,final_total_AGB_gross_minus_net_forest,59990648.0,29995324.0
70,final_total_AGB_agroforestry,59109540.0,29554770.0
70,final_total_AGB_plantation,user-defined not considered gross forest,user-defined not considered gross forest
70,final_total_AGB_gross_disturbed_forest,10356201.0,5178100.5
70,final_total_AGB_net_disturbed_forest,9488184.0,5178100.5
70,final_total_AGB_gross_minus_net_disturbed_forest,868017.0,0.0
70,final_total_AGB_gross_undisturbed_forest,68489376.0,34244688.0
70,final_total_AGB_net_undisturbed_forest,68476288.0,34238144.0
70,final_total_AGB_gross_minus_net_undisturbed_forest,13088.0,6544.0
71,potential_maximum_undisturbed_AGB,259058736.0,129529368.0
71,initial_AGB_gross_forest_simulation_start,141015056.0,70507528.0
71,final_total_AGB_gross_forest,138085552.0,69042776.0
71,final_total_AGB_net_forest,77953328.0,38976664.0
71,final_total_AGB_gross_minus_net_forest,60132224.0,30066112.0
71,final_total_AGB_agroforestry,59202516.0,29601258.0
71,final_total_AGB_plantation,user-defined not considered gross forest,user-defined not considered gross forest
71,final_total_AGB_gross_disturbed_forest,10254440.0,5127220.0
71,final_total_AGB_net_disturbed_forest,9337869.0,5127220.0
71,final_total_AGB_gross_minus_net_disturbed_forest,916571.0,0.0
71,final_total_AGB_gross_undisturbed_forest,68628592.0,34314296.0
71,final_total_AGB_net_undisturbed_forest,68615456.0,34307728.0
71,final_total_AGB_gross_minus_net_undisturbed_forest,13136.0,6568.0
72,potential_maximum_undisturbed_AGB,259058736.0,129529368.0
72,initial_AGB_gross_forest_simulation_start,141015056.0,70507528.0
72,final_total_AGB_gross_forest,138173760.0,69086880.0
72,final_total_AGB_net_forest,77887688.0,38943844.0
72,final_total_AGB_gross_minus_net_forest,60286072.0,30143036.0
72,final_total_AGB_agroforestry,59307732.0,29653866.0
72,final_total_AGB_plantation,user-defined not considered gross forest,user-defined not considered gross forest
72,final_total_AGB_gross_disturbed_forest,10151923.0,5075961.5
72,final_total_AGB_net_disturbed_forest,9186993.0,5075961.5
72,final_total_AGB_gross_minus_net_disturbed_forest,964930.0,0.0
72,final_total_AGB_gross_undisturbed_forest,68714104.0,34357052.0
72,final_total_AGB_net_undisturbed_forest,68700696.0,34350348.0
72,final_total_AGB_gross_minus_net_undisturbed_forest,13408.0,6704.0
73,potential_maximum_undisturbed_AGB,259058736.0,129529368.0
73,initial_AGB_gross_forest_simulation_start,141015056.0,70507528.0
73,final_total_AGB_gross_forest,138205392.0,69102696.0
73,final_total_AGB_net_forest,77765344.0,38882672.0
73,final_total_AGB_gross_minus_net_forest,60440048.0,30220024.0
73,final_total_AGB_agroforestry,59422672.0,29711336.0
73,final_total_AGB_plantation,user-defined not considered gross forest,user-defined not considered gross forest
73,final_total_AGB_gross_disturbed_forest,10055417.0,5027708.5
73,final_total_AGB_net_disturbed_forest,9051723.0,5027708.5
73,final_total_AGB_gross_minus_net_disturbed_forest,1003694.0,0.0
73,final_total_AGB_gross_undisturbed_forest,68727296.0,34363648.0
73,final_total_AGB_net_undisturbed_forest,68713616.0,34356808.0
73,final_total_AGB_gross_minus_net_undisturbed_forest,13680.0,6840.0
74,potential_maximum_undisturbed_AGB,259058736.0,129529368.0
74,initial_AGB_gross_forest_simulation_start,141015056.0,70507528.0
74,final_total_AGB_gross_forest,138206304.0,69103152.0
74,final_total_AGB_net_forest,77601664.0,38800832.0
74,final_total_AGB_gross_minus_net_forest,60604640.0,30302320.0
74,final_total_AGB_agroforestry,59546576.0,29773288.0
74,final_total_AGB_plantation,user-defined not considered gross forest,user-defined not considered gross forest
74,final_total_AGB_gross_disturbed_forest,9975858.0,4987929.0
74,final_total_AGB_net_disturbed_forest,8931735.0,4987929.0
74,final_total_AGB_gross_minus_net_disturbed_forest,1044123.0,0.0
74,final_total_AGB_gross_undisturbed_forest,68683880.0,34341940.0
74,final_total_AGB_net_undisturbed_forest,68669928.0,34334964.0
74,final_total_AGB_gross_minus_net_undisturbed_forest,13952.0,6976.0
75,potential_maximum_undisturbed_AGB,259058736.0,129529368.0
75,initial_AGB_gross_forest_simulation_start,141015056.0,70507528.0
75,final_total_AGB_gross_forest,138177040.0,69088520.0
75,final_total_AGB_net_forest,77398104.0,38699052.0
75,final_total_AGB_gross_minus_net_forest,60778936.0,30389468.0
75,final_total_AGB_agroforestry,59687432.0,29843716.0
75,final_total_AGB_plantation,user-defined not considered gross forest,user-defined not considered gross forest
75,final_total_AGB_gross_disturbed_forest,9862095.0,4931047.5
75,final_total_AGB_net_disturbed_forest,8785795.0,4931047.5
75,final_total_AGB_gross_minus_net_disturbed_forest,1076300.0,0.0
75,final_total_AGB_gross_undisturbed_forest,68627512.0,34313756.0
75,final_total_AGB_net_undisturbed_forest,68612312.0,34306156.0
75,final_total_AGB_gross_minus_net_undisturbed_forest,15200.0,7600.0
76,potential_maximum_undisturbed_AGB,259058736.0,129529368.0
76,initial_AGB_gross_forest_simulation_start,141015056.0,70507528.0
76,final_total_AGB_gross_forest,138137504.0,69068752.0
76,final_total_AGB_net_forest,77182144.0,38591072.0
76,final_total_AGB_gross_minus_net_forest,60955360.0,30477680.0
76,final_total_AGB_agroforestry,59837024.0,29918512.0
76,final_total_AGB_plantation,user-defined not considered gross forest,user-defined not considered gross forest
76,final_total_AGB_gross_disturbed_forest,9734880.0,4867440.0
76,final_total_AGB_net_disturbed_forest,8632726.0,4867440.0
76,final_total_AGB_gross_minus_net_disturbed_forest,1102154.0,0.0
76,final_total_AGB_gross_undisturbed_forest,68565592.0,34282796.0
76,final_total_AGB_net_undisturbed_forest,68549424.0,34274712.0
76,final_total_AGB_gross_minus_net_undisturbed_forest,16168.0,8084.0
